Team,Player,Nation,Pos,Age,MP,Starts,Min,90s,Gls,Ast,G+A,G-PK,PK,PKatt,CrdY,CrdR,xG
Liverpool,Mohamed Salah,eg EGY,FW,32,38,38,"3,371",37.5,29,18,47,20,9,9,1,0,25.2
Liverpool,Virgil van Dijk,nl NED,DF,33,37,37,"3,330",37.0,3,1,4,3,0,0,5,0,2.2
Liverpool,Ryan Gravenberch,nl NED,MF,22,37,37,"3,160",35.1,0,4,4,0,0,0,6,1,1.1
Liverpool,Alexis Mac Allister,ar ARG,MF,25,35,30,"2,599",28.9,5,5,10,5,0,0,6,0,2.8
Liverpool,Ibrahima Konaté,fr FRA,DF,25,31,30,"2,560",28.4,1,2,3,1,0,0,5,0,1.7
Liverpool,Dominik Szoboszlai,hu HUN,MF,23,36,29,"2,491",27.7,6,6,12,6,0,0,6,0,7.3
Liverpool,Andrew Robertson,sct SCO,DF,30,33,29,"2,482",27.6,0,1,1,0,0,0,3,1,1.2
Liverpool,Alisson,br BRA,GK,31,28,28,"2,508",27.9,0,0,0,0,0,0,0,0,0.0
Liverpool,Luis Díaz,co COL,FW,27,36,28,"2,399",26.7,13,5,18,13,0,0,2,0,12.0
Liverpool,Trent Alexander-Arnold,eng ENG,DF,25,33,28,"2,365",26.3,3,6,9,3,0,0,5,0,1.9
Liverpool,Cody Gakpo,nl NED,FW,25,35,23,"1,935",21.5,10,4,14,10,0,0,5,0,7.1
Liverpool,Curtis Jones,eng ENG,"MF,DF",23,33,19,"1,712",19.0,3,3,6,3,0,0,3,1,4.3
Liverpool,Diogo Jota,pt POR,FW,27,26,14,"1,196",13.3,6,3,9,6,0,0,2,0,7.9
Liverpool,Caoimhín Kelleher,ie IRL,GK,25,10,10,900,10.0,0,0,0,0,0,0,0,0,0.0
Liverpool,Kostas Tsimikas,gr GRE,DF,28,18,9,837,9.3,0,1,1,0,0,0,2,0,0.4
Liverpool,Darwin Núñez,uy URU,FW,25,30,8,"1,133",12.6,5,2,7,5,0,0,8,0,5.8
Liverpool,Conor Bradley,nir NIR,DF,21,19,7,754,8.4,0,2,2,0,0,0,4,0,0.7
Liverpool,Joe Gomez,eng ENG,DF,27,9,6,519,5.8,0,0,0,0,0,0,1,0,0.3
Liverpool,Jarell Quansah,eng ENG,DF,21,13,4,495,5.5,0,0,0,0,0,0,2,0,0.1
Liverpool,Harvey Elliott,eng ENG,MF,21,18,2,371,4.1,1,2,3,1,0,0,1,0,1.8
Liverpool,Wataru Endo,jp JPN,"MF,DF",31,20,1,273,3.0,0,0,0,0,0,0,0,0,0.0
Liverpool,Federico Chiesa,it ITA,FW,26,6,1,108,1.2,0,0,0,0,0,0,0,0,0.3
Liverpool,Vitezslav Jaros,cz CZE,GK,23,1,0,12,0.1,0,0,0,0,0,0,0,0,0.0
Liverpool,Jayden Danns,eng ENG,MF,18,1,0,11,0.1,0,0,0,0,0,0,0,0,0.0
Liverpool,Harvey Davies,eng ENG,GK,20,0,0,,,,,,,,,,,
Liverpool,James McConnell,eng ENG,MF,19,0,0,,,,,,,,,,,
Liverpool,Tyler Morton,eng ENG,MF,21,0,0,,,,,,,,,,,
Liverpool,Amara Nallo,eng ENG,DF,17,0,0,,,,,,,,,,,
Liverpool,Trey Nyoni,eng ENG,MF,17,0,0,,,,,,,,,,,
Arsenal,David Raya,es ESP,GK,28,38,38,"3,420",38.0,0,0,0,0,0,0,3,0,0.0
Arsenal,William Saliba,fr FRA,DF,23,35,35,"3,039",33.8,2,0,2,2,0,0,2,1,2.3
Arsenal,Declan Rice,eng ENG,MF,25,35,33,"2,825",31.4,4,7,11,4,0,0,7,1,3.5
Arsenal,Thomas Partey,gh GHA,"MF,DF",31,35,31,"2,797",31.1,4,2,6,4,0,0,4,0,2.3
Arsenal,Leandro Trossard,be BEL,FW,29,38,28,"2,546",28.3,8,7,15,8,0,0,4,1,7.2
Arsenal,Gabriel Magalhães,br BRA,DF,26,28,28,"2,363",26.3,3,1,4,3,0,0,4,0,2.6
Arsenal,Jurriën Timber,nl NED,DF,23,30,27,"2,417",26.9,1,3,4,1,0,0,7,0,1.2
Arsenal,Martin Ødegaard,no NOR,MF,25,30,26,"2,325",25.8,3,8,11,2,1,1,4,0,4.8
Arsenal,Gabriel Martinelli,br BRA,"FW,MF",23,33,25,"2,290",25.4,8,4,12,8,0,0,1,0,7.4
Arsenal,Kai Havertz,de GER,"FW,MF",25,23,21,"1,875",20.8,9,3,12,9,0,0,5,0,9.5
Arsenal,Bukayo Saka,eng ENG,"FW,MF",22,25,20,"1,729",19.2,6,10,16,5,1,1,3,0,6.8
Arsenal,Mikel Merino,es ESP,"MF,FW",28,28,17,"1,586",17.6,7,2,9,7,0,0,4,1,5.9
Arsenal,Myles Lewis-Skelly,eng ENG,DF,17,23,15,"1,369",15.2,1,0,1,1,0,0,3,2,0.2
Arsenal,Ben White,eng ENG,DF,26,17,13,"1,198",13.3,0,2,2,0,0,0,2,0,0.5
Arsenal,Riccardo Calafiori,it ITA,DF,22,19,11,983,10.9,2,1,3,2,0,0,4,0,0.9
Arsenal,,,,,,,,,,,,,,,,,
Arsenal,Player,,,,,,,,,,,,,,,,
Arsenal,Ethan Nwaneri,eng ENG,"FW,MF",17,26,11,895,9.9,4,2,6,4,0,0,1,0,1.2
Arsenal,Jakub Kiwior,pl POL,DF,24,17,10,"1,122",12.5,1,0,1,1,0,0,1,0,0.2
Arsenal,Jorginho,it ITA,MF,32,15,9,704,7.8,0,0,0,0,0,0,5,0,0.1
Arsenal,Raheem Sterling,eng ENG,"FW,MF",29,17,7,499,5.5,0,2,2,0,0,0,1,0,1.4
Arsenal,Gabriel Jesus,br BRA,FW,27,17,6,608,6.8,3,0,3,3,0,0,4,0,3.0
Arsenal,Oleksandr Zinchenko,ua UKR,"DF,MF",27,15,5,527,5.9,0,1,1,0,0,0,1,0,0.6
Arsenal,Kieran Tierney,sct SCO,"DF,FW",27,13,2,259,2.9,1,0,1,1,0,0,0,0,0.4
Arsenal,Nathan Butler-Oyedeji,eng ENG,FW,21,1,0,7,0.1,0,0,0,0,0,0,0,0,0.1
Arsenal,Takehiro Tomiyasu,jp JPN,DF,25,1,0,7,0.1,0,0,0,0,0,0,0,0,0.2
Arsenal,Reiss Nelson,eng ENG,FW,24,1,0,3,0.0,0,0,0,0,0,0,0,0,0.0
Arsenal,Brayden Clarke,wls WAL,DF,17,0,0,,,,,,,,,,,
Arsenal,Jimi Gower,eng ENG,MF,19,0,0,,,,,,,,,,,
Arsenal,Ayden Heaven,eng ENG,DF,17,0,0,,,,,,,,,,,
Arsenal,Jack Henry-Francis,ie IRL,MF,20,0,0,,,,,,,,,,,
Arsenal,Ismeal Kabia,eng ENG,MF,18,0,0,,,,,,,,,,,
Arsenal,,,,,,,,,,,,,,,,,
Arsenal,Player,,,,,,,,,,,,,,,,
Arsenal,Maldini Kacurri,al ALB,DF,18,0,0,,,,,,,,,,,
Arsenal,Neto,br BRA,GK,35,0,0,,,,,,,,,,,
Arsenal,Josh Nichols,eng ENG,DF,18,0,0,,,,,,,,,,,
Arsenal,Eddie Nketiah,eng ENG,FW,25,0,0,,,,,,,,,,,
Arsenal,Salah Oulad M'Hand,nl NED,MF,20,0,0,,,,,,,,,,,
Arsenal,Jack Porter,eng ENG,GK,16,0,0,,,,,,,,,,,
Arsenal,Aaron Ramsdale,eng ENG,GK,26,0,0,,,,,,,,,,,
Arsenal,Tommy Setford,eng ENG,GK,18,0,0,,,,,,,,,,,
Manchester City,Joško Gvardiol,hr CRO,DF,22,37,36,"3,277",36.4,5,0,5,5,0,0,2,0,4.6
Manchester City,Erling Haaland,no NOR,FW,24,31,31,"2,736",30.4,22,3,25,19,3,4,2,0,22.0
Manchester City,Bernardo Silva,pt POR,"MF,FW",29,33,29,"2,670",29.7,4,4,8,4,0,0,7,0,3.9
Manchester City,Ederson,br BRA,GK,30,26,26,"2,320",25.8,0,4,4,0,0,0,4,0,0.0
Manchester City,Rúben Dias,pt POR,DF,27,27,25,"2,271",25.2,0,0,0,0,0,0,4,0,1.5
Manchester City,İlkay Gündoğan,de GER,MF,33,33,25,"2,223",24.7,1,6,7,1,0,0,1,0,3.2
Manchester City,Mateo Kovačić,hr CRO,MF,30,31,25,"2,198",24.4,6,2,8,6,0,0,5,1,1.9
Manchester City,Manuel Akanji,ch SUI,DF,29,26,23,"2,014",22.4,0,0,0,0,0,0,3,0,1.6
Manchester City,Rico Lewis,eng ENG,"DF,MF",19,28,21,"1,893",21.0,1,2,3,1,0,0,5,1,1.4
Manchester City,Sávio,br BRA,"FW,MF",20,29,21,"1,766",19.6,1,8,9,1,0,0,3,0,5.0
Manchester City,Phil Foden,eng ENG,"MF,FW",24,28,20,"1,777",19.7,7,2,9,7,0,0,2,0,5.2
Manchester City,Kevin De Bruyne,be BEL,"MF,FW",33,28,19,"1,702",18.9,4,7,11,4,0,0,2,0,5.1
Manchester City,Matheus Nunes,pt POR,"DF,MF",25,26,19,"1,674",18.6,1,6,7,1,0,0,4,0,1.2
Manchester City,Jeremy Doku,be BEL,"FW,MF",22,29,16,"1,516",16.8,3,6,9,3,0,0,1,0,1.3
Manchester City,Omar Marmoush,eg EGY,"FW,MF",25,16,14,"1,175",13.1,7,0,7,7,0,0,0,0,5.5
Manchester City,,,,,,,,,,,,,,,,,
Manchester City,Player,,,,,,,,,,,,,,,,
Manchester City,Stefan Ortega,de GER,GK,31,13,12,"1,100",12.2,0,0,0,0,0,0,1,0,0.0
Manchester City,Kyle Walker,eng ENG,DF,34,15,9,970,10.8,0,0,0,0,0,0,3,0,0.1
Manchester City,Nicolás González,es ESP,MF,22,11,9,760,8.4,1,0,1,1,0,0,3,0,0.5
Manchester City,Nathan Aké,nl NED,DF,29,10,8,678,7.5,0,0,0,0,0,0,0,0,0.2
Manchester City,Jack Grealish,eng ENG,"FW,MF",28,20,7,721,8.0,1,1,2,1,0,0,3,0,1.1
Manchester City,John Stones,eng ENG,"DF,MF",30,11,6,548,6.1,2,0,2,2,0,0,1,0,0.4
Manchester City,Nico O’Reilly,eng ENG,DF,19,9,6,528,5.9,2,0,2,2,0,0,0,0,1.3
Manchester City,Abdukodir Khusanov,uz UZB,DF,20,6,6,503,5.6,0,0,0,0,0,0,1,0,0.0
Manchester City,James Mcatee,eng ENG,"MF,FW",21,15,3,349,3.9,3,0,3,3,0,0,1,0,2.8
Manchester City,Jahmai Simpson-Pusey,eng ENG,DF,18,2,1,96,1.1,0,0,0,0,0,0,1,0,0.0
Manchester City,Rodri,es ESP,MF,28,3,1,73,0.8,0,0,0,0,0,0,0,0,0.0
Manchester City,Divin Mubama,eng ENG,FW,19,1,0,28,0.3,0,0,0,0,0,0,0,0,0.0
Manchester City,Oscar Bobb,no NOR,FW,21,3,0,16,0.2,0,0,0,0,0,0,0,0,0.0
Manchester City,Claudio Echeverri,ar ARG,FW,18,1,0,6,0.1,0,0,0,0,0,0,0,0,0.0
Manchester City,Vitor Reis,br BRA,DF,18,1,0,1,0.0,0,0,0,0,0,0,0,0,0.0
Manchester City,,,,,,,,,,,,,,,,,
Manchester City,Player,,,,,,,,,,,,,,,,
Manchester City,Max Alleyne,eng ENG,DF,19,0,0,,,,,,,,,,,
Manchester City,Thorsten Brits,eng ENG,GK,17,0,0,,,,,,,,,,,
Manchester City,Scott Carson,eng ENG,GK,38,0,0,,,,,,,,,,,
Manchester City,Issa Kaboré,bf BFA,"DF,MF",23,0,0,,,,,,,,,,,
Manchester City,Josh Wilson-Esbrand,eng ENG,DF,21,0,0,,,,,,,,,,,
Manchester City,Jacob Wright,eng ENG,MF,18,0,0,,,,,,,,,,,
Chelsea,Moisés Caicedo,ec ECU,"MF,DF",22,38,38,"3,351",37.2,1,2,3,1,0,0,11,0,0.8
Chelsea,Cole Palmer,eng ENG,"MF,FW",22,37,36,"3,191",35.5,15,8,23,11,4,5,7,0,17.3
Chelsea,Levi Colwill,eng ENG,DF,21,35,35,"3,149",35.0,2,1,3,2,0,0,9,0,1.9
Chelsea,Marc Cucurella,es ESP,DF,26,36,33,"2,988",33.2,5,1,6,5,0,0,10,1,2.8
Chelsea,Enzo Fernández,ar ARG,MF,23,36,32,"2,947",32.7,6,7,13,6,0,0,8,0,6.1
Chelsea,Robert Sánchez,es ESP,GK,26,32,32,"2,880",32.0,0,0,0,0,0,0,5,0,0.0
Chelsea,Nicolas Jackson,sn SEN,FW,23,30,28,"2,220",24.7,10,5,15,10,0,0,7,1,12.3
Chelsea,Noni Madueke,eng ENG,FW,22,32,27,"2,033",22.6,7,3,10,7,0,0,3,0,9.6
Chelsea,Pedro Neto,pt POR,FW,24,35,24,"2,269",25.2,4,6,10,4,0,0,8,0,3.5
Chelsea,Malo Gusto,fr FRA,DF,21,32,19,"1,862",20.7,0,1,1,0,0,0,4,0,1.7
Chelsea,Jadon Sancho,eng ENG,FW,24,31,19,"1,764",19.6,3,4,7,3,0,0,2,0,2.2
Chelsea,Tosin Adarabioyo,eng ENG,DF,26,22,15,"1,409",15.7,1,1,2,1,0,0,4,0,0.9
Chelsea,Wesley Fofana,fr FRA,DF,23,14,14,"1,172",13.0,0,0,0,0,0,0,7,0,0.4
Chelsea,Reece James,eng ENG,"DF,MF",24,19,12,"1,063",11.8,1,1,2,1,0,0,1,0,0.4
Chelsea,Trevoh Chalobah,eng ENG,DF,25,13,11,910,10.1,0,1,1,0,0,0,2,0,0.8
Chelsea,,,,,,,,,,,,,,,,,
Chelsea,Player,,,,,,,,,,,,,,,,
Chelsea,Roméo Lavia,be BEL,MF,20,16,11,797,8.9,0,1,1,0,0,0,4,0,0.3
Chelsea,Christopher Nkunku,fr FRA,FW,26,27,9,921,10.2,3,2,5,3,0,0,2,0,4.8
Chelsea,Filip Jørgensen,dk DEN,GK,22,6,6,540,6.0,0,0,0,0,0,0,0,0,0.0
Chelsea,Axel Disasi,fr FRA,DF,26,6,4,364,4.0,1,0,1,1,0,0,1,0,0.3
Chelsea,João Félix,pt POR,"FW,MF",24,12,3,369,4.1,1,1,2,1,0,0,2,0,2.2
Chelsea,Benoît Badiashile,fr FRA,DF,23,5,3,334,3.7,0,0,0,0,0,0,0,0,0.0
Chelsea,Kiernan Dewsbury-Hall,eng ENG,"MF,FW",25,13,2,264,2.9,0,1,1,0,0,0,0,0,0.2
Chelsea,Joshua Acheampong,eng ENG,DF,18,4,2,170,1.9,0,0,0,0,0,0,1,0,0.2
Chelsea,Tyrique George,eng ENG,FW,18,8,1,183,2.0,1,1,2,1,0,0,1,0,0.2
Chelsea,Renato Veiga,pt POR,"DF,MF",21,7,1,181,2.0,0,0,0,0,0,0,2,0,0.1
Chelsea,Mykhailo Mudryk,ua UKR,FW,23,7,1,151,1.7,0,0,0,0,0,0,0,0,0.3
Chelsea,Marc Guiu,es ESP,FW,18,3,0,73,0.8,0,0,0,0,0,0,0,0,0.0
Chelsea,Mathis Amougou,fr FRA,MF,18,1,0,8,0.1,0,0,0,0,0,0,0,0,0.0
Chelsea,Shumaira Mheuka,eng ENG,MF,16,1,0,1,0.0,0,0,0,0,0,0,0,0,0.1
Chelsea,Aaron Anselmino,ar ARG,DF,19,0,0,,,,,,,,,,,
Chelsea,Genesis Antwi,se SWE,MF,17,0,0,,,,,,,,,,,
Chelsea,Marcus Bettinelli,eng ENG,GK,32,0,0,,,,,,,,,,,
Chelsea,Cesare Casadei,it ITA,MF,21,0,0,,,,,,,,,,,
Chelsea,Samuel Rak-Sakyi,eng ENG,MF,19,0,0,,,,,,,,,,,
Chelsea,Ishé Samuels-Smith,eng ENG,DF,18,0,0,,,,,,,,,,,
Newcastle Utd,Bruno Guimarães,br BRA,MF,26,38,38,"3,271",36.3,5,6,11,5,0,0,7,0,4.3
Newcastle Utd,Dan Burn,eng ENG,DF,32,37,37,"3,330",37.0,1,1,2,1,0,0,11,0,2.0
Newcastle Utd,Alexander Isak,se SWE,FW,24,34,34,"2,756",30.6,23,6,29,19,4,4,1,0,20.3
Newcastle Utd,Fabian Schär,ch SUI,DF,32,34,33,"2,934",32.6,4,0,4,4,0,0,9,1,3.7
Newcastle Utd,Valentino Livramento,eng ENG,DF,21,37,32,"2,840",31.6,0,1,1,0,0,0,1,0,0.3
Newcastle Utd,Jacob Murphy,eng ENG,FW,29,35,31,"2,360",26.2,8,12,20,8,0,0,4,0,5.7
Newcastle Utd,Joelinton,br BRA,"MF,FW",27,29,29,"2,393",26.6,4,3,7,4,0,0,10,0,3.9
Newcastle Utd,Sandro Tonali,it ITA,MF,24,36,28,"2,630",29.2,4,2,6,4,0,0,5,0,4.4
Newcastle Utd,Nick Pope,eng ENG,GK,32,28,28,"2,520",28.0,0,0,0,0,0,0,2,0,0.0
Newcastle Utd,Anthony Gordon,eng ENG,"FW,MF",23,34,28,"2,434",27.0,6,5,11,5,1,2,2,0,8.0
Newcastle Utd,Lewis Hall,eng ENG,DF,19,27,24,"2,189",24.3,0,4,4,0,0,0,3,0,0.4
Newcastle Utd,Harvey Barnes,eng ENG,FW,26,33,17,"1,755",19.5,9,4,13,9,0,0,0,0,7.2
Newcastle Utd,Kieran Trippier,eng ENG,DF,33,25,14,"1,309",14.5,0,3,3,0,0,0,1,0,0.1
Newcastle Utd,Joe Willock,eng ENG,"MF,FW",24,32,11,"1,086",12.1,0,2,2,0,0,0,4,0,1.6
Newcastle Utd,Martin Dúbravka,sk SVK,GK,35,10,10,900,10.0,0,0,0,0,0,0,0,0,0.0
Newcastle Utd,,,,,,,,,,,,,,,,,
Newcastle Utd,Player,,,,,,,,,,,,,,,,
Newcastle Utd,Sean Longstaff,eng ENG,MF,26,25,8,798,8.9,0,0,0,0,0,0,2,0,0.6
Newcastle Utd,Sven Botman,nl NED,DF,24,8,6,412,4.6,0,0,0,0,0,0,1,0,0.5
Newcastle Utd,Lloyd Kelly,eng ENG,DF,25,10,4,303,3.4,0,1,1,0,0,0,2,0,0.4
Newcastle Utd,Callum Wilson,eng ENG,FW,32,18,2,370,4.1,0,0,0,0,0,0,1,0,0.4
Newcastle Utd,Emil Krafth,se SWE,DF,29,12,2,342,3.8,0,0,0,0,0,0,2,0,0.0
Newcastle Utd,Lewis Miley,eng ENG,MF,18,14,1,313,3.5,1,0,1,1,0,0,0,0,0.5
Newcastle Utd,Miguel Almirón,py PAR,FW,30,9,1,157,1.7,0,0,0,0,0,0,0,0,0.5
Newcastle Utd,William Osula,dk DEN,FW,20,14,0,134,1.5,1,0,1,1,0,0,0,0,0.2
Newcastle Utd,Matt Targett,eng ENG,DF,28,2,0,21,0.2,0,0,0,0,0,0,0,0,0.0
Newcastle Utd,Jamaal Lascelles,eng ENG,DF,30,0,0,,,,,,,,,,,
Newcastle Utd,Alex Murphy,ie IRL,DF,20,0,0,,,,,,,,,,,
Newcastle Utd,Sean Neave,eng ENG,FW,17,0,0,,,,,,,,,,,
Newcastle Utd,John Ruddy,eng ENG,GK,37,0,0,,,,,,,,,,,
Newcastle Utd,Leo Shahar,eng ENG,DF,17,0,0,,,,,,,,,,,
Newcastle Utd,Odysseas Vlachodimos,gr GRE,GK,30,0,0,,,,,,,,,,,
Aston Villa,Emiliano Martínez,ar ARG,GK,31,37,37,"3,194",35.5,0,0,0,0,0,0,5,1,0.0
Aston Villa,Morgan Rogers,eng ENG,"FW,MF",22,37,37,"3,114",34.6,8,10,18,8,0,0,10,0,6.6
Aston Villa,Youri Tielemans,be BEL,MF,27,36,35,"3,026",33.6,3,7,10,3,0,1,4,0,3.3
Aston Villa,Ezri Konsa,eng ENG,DF,26,34,33,"2,936",32.6,2,0,2,2,0,0,1,0,1.3
Aston Villa,Ollie Watkins,eng ENG,FW,28,38,31,"2,598",28.9,16,8,24,14,2,2,2,0,15.3
Aston Villa,Lucas Digne,fr FRA,DF,31,32,28,"2,351",26.1,0,4,4,0,0,0,4,0,0.8
Aston Villa,John McGinn,sct SCO,"MF,FW",29,34,27,"2,223",24.7,1,4,5,1,0,0,7,0,3.1
Aston Villa,Matty Cash,pl POL,DF,26,27,24,"2,070",23.0,1,1,2,1,0,0,7,0,0.5
Aston Villa,Pau Torres,es ESP,DF,27,24,23,"2,020",22.4,0,0,0,0,0,0,2,0,0.5
Aston Villa,Boubacar Kamara,fr FRA,MF,24,26,20,"1,726",19.2,1,0,1,1,0,0,2,0,0.8
Aston Villa,Amadou Onana,be BEL,MF,22,26,20,"1,617",18.0,3,0,3,3,0,0,4,0,2.1
Aston Villa,Jacob Ramsey,eng ENG,"FW,MF",23,29,19,"1,623",18.0,1,3,4,1,0,0,4,1,1.6
Aston Villa,Leon Bailey,jm JAM,"FW,MF",26,24,14,"1,139",12.7,1,2,3,1,0,0,3,0,1.7
Aston Villa,Tyrone Mings,eng ENG,DF,31,14,12,"1,120",12.4,0,0,0,0,0,0,1,0,0.8
Aston Villa,Ian Maatsen,nl NED,DF,22,29,10,"1,139",12.7,1,2,3,1,0,0,2,0,0.9
Aston Villa,,,,,,,,,,,,,,,,,
Aston Villa,Player,,,,,,,,,,,,,,,,
Aston Villa,Marco Asensio,es ESP,MF,28,13,9,743,8.3,3,1,4,3,0,2,2,0,4.4
Aston Villa,Diego Carlos,br BRA,DF,31,10,8,830,9.2,0,0,0,0,0,0,1,0,0.6
Aston Villa,Axel Disasi,fr FRA,DF,26,7,5,490,5.4,0,0,0,0,0,0,2,0,0.1
Aston Villa,Lamare Bogarde,nl NED,"DF,MF",20,8,5,476,5.3,0,0,0,0,0,0,2,0,0.0
Aston Villa,Andrés García,es ESP,"DF,MF",21,7,5,318,3.5,0,0,0,0,0,0,0,0,0.0
Aston Villa,Jáder Durán,co COL,FW,20,20,4,638,7.1,7,0,7,7,0,0,3,1,4.9
Aston Villa,Marcus Rashford,eng ENG,FW,26,10,4,444,4.9,2,2,4,1,1,1,0,0,3.1
Aston Villa,Ross Barkley,eng ENG,MF,30,20,3,581,6.5,3,1,4,3,0,0,3,0,1.8
Aston Villa,Jaden Philogene Bidace,eng ENG,"FW,MF",22,11,2,332,3.7,0,0,0,0,0,0,4,1,0.5
Aston Villa,Donyell Malen,nl NED,FW,25,14,2,305,3.4,3,0,3,3,0,0,0,0,2.2
Aston Villa,Robin Olsen,se SWE,GK,34,4,1,226,2.5,0,0,0,0,0,0,0,0,0.0
Aston Villa,Kosta Nedeljković,rs SRB,DF,18,5,0,126,1.4,0,0,0,0,0,0,0,0,0.0
Aston Villa,Emi Buendía,ar ARG,"MF,FW",27,12,0,98,1.1,0,0,0,0,0,0,1,0,0.7
Aston Villa,Benjamin Broggio,eng ENG,FW,17,0,0,,,,,,,,,,,
Aston Villa,Joe Gauci,au AUS,GK,24,0,0,,,,,,,,,,,
Aston Villa,Jamaldeen Jimoh,eng ENG,MF,17,0,0,,,,,,,,,,,
Aston Villa,Sil Swinkels,nl NED,DF,20,0,0,,,,,,,,,,,
Aston Villa,Kadan Young,eng ENG,MF,18,0,0,,,,,,,,,,,
Aston Villa,Oliwier Zych,pl POL,GK,20,0,0,,,,,,,,,,,
Nott'ham Forest,Matz Sels,be BEL,GK,32,38,38,"3,420",38.0,0,0,0,0,0,0,4,0,0.0
Nott'ham Forest,Nikola Milenković,rs SRB,DF,26,37,37,"3,330",37.0,5,2,7,5,0,0,4,0,4.0
Nott'ham Forest,Murillo,br BRA,DF,22,36,36,"3,188",35.4,2,0,2,2,0,0,6,0,1.4
Nott'ham Forest,Ola Aina,ng NGA,DF,27,35,35,"2,995",33.3,2,1,3,2,0,0,5,0,0.6
Nott'ham Forest,Chris Wood,nz NZL,FW,32,36,35,"2,959",32.9,20,3,23,17,3,3,1,0,13.4
Nott'ham Forest,Morgan Gibbs-White,eng ENG,MF,24,34,34,"2,803",31.1,7,8,15,7,0,0,11,1,6.3
Nott'ham Forest,Elliot Anderson,eng ENG,MF,21,37,33,"2,728",30.3,2,6,8,2,0,0,10,0,2.1
Nott'ham Forest,Anthony Elanga,se SWE,"FW,MF",22,38,31,"2,501",27.8,6,11,17,6,0,0,1,0,4.5
Nott'ham Forest,Neco Williams,wls WAL,DF,23,35,28,"2,594",28.8,1,3,4,1,0,0,7,0,2.3
Nott'ham Forest,Callum Hudson-Odoi,eng ENG,"FW,MF",23,31,25,"2,194",24.4,5,2,7,5,0,0,2,0,2.5
Nott'ham Forest,Nicolás Domínguez,ar ARG,"MF,FW",26,34,23,"1,963",21.8,0,1,1,0,0,0,9,0,1.5
Nott'ham Forest,Ryan Yates,eng ENG,MF,26,35,18,"1,915",21.3,2,1,3,2,0,0,10,0,2.3
Nott'ham Forest,Álex Moreno,es ESP,"DF,MF",31,15,11,955,10.6,0,1,1,0,0,0,2,0,0.2
Nott'ham Forest,Ibrahim Sangaré,ci CIV,MF,26,13,7,590,6.6,0,1,1,0,0,0,3,0,0.0
Nott'ham Forest,Morato,br BRA,DF,23,26,6,907,10.1,0,0,0,0,0,0,5,0,0.2
Nott'ham Forest,Jota Silva,pt POR,"FW,MF",24,31,5,854,9.5,3,1,4,3,0,0,5,0,2.1
Nott'ham Forest,James Ward-Prowse,eng ENG,MF,29,9,5,400,4.4,0,1,1,0,0,0,2,1,0.1
Nott'ham Forest,Danilo,br BRA,"MF,FW",23,8,5,275,3.1,0,0,0,0,0,0,0,0,0.0
Nott'ham Forest,Taiwo Awoniyi,ng NGA,FW,26,26,3,416,4.6,1,0,1,1,0,0,0,0,2.1
Nott'ham Forest,Ramón Sosa,py PAR,"FW,MF",24,19,1,295,3.3,1,0,1,1,0,0,1,0,1.0
Nott'ham Forest,Willy Boly,ci CIV,DF,33,6,1,150,1.7,0,0,0,0,0,0,1,0,0.1
Nott'ham Forest,Harry Toffolo,eng ENG,DF,28,4,1,137,1.5,0,0,0,0,0,0,1,0,0.0
Nott'ham Forest,Eric da Silva Moreira,de GER,"MF,DF",18,2,0,30,0.3,0,0,0,0,0,0,0,0,0.0
Nott'ham Forest,Zach Abbott,eng ENG,DF,18,0,0,,,,,,,,,,,
Nott'ham Forest,Wayne Hennessey,wls WAL,GK,37,0,0,,,,,,,,,,,
Nott'ham Forest,Carlos Miguel,br BRA,GK,25,0,0,,,,,,,,,,,
Nott'ham Forest,Andrew Omobamidele,ie IRL,DF,22,0,0,,,,,,,,,,,
Brighton,Bart Verbruggen,nl NED,GK,21,36,36,"3,240",36.0,0,1,1,0,0,0,5,0,0.0
Brighton,Jan Paul van Hecke,nl NED,DF,24,34,33,"2,958",32.9,1,1,2,1,0,0,8,1,1.3
Brighton,Carlos Baleba,cm CMR,MF,20,34,31,"2,661",29.6,3,1,4,3,0,0,8,1,3.1
Brighton,Kaoru Mitoma,jp JPN,"FW,MF",27,36,28,"2,603",28.9,10,4,14,10,0,0,1,0,9.2
Brighton,Pervis Estupiñán,ec ECU,DF,26,30,26,"2,402",26.7,1,1,2,1,0,0,5,0,1.2
Brighton,Danny Welbeck,eng ENG,FW,33,30,24,"2,115",23.5,10,4,14,9,1,1,5,0,9.6
Brighton,Lewis Dunk,eng ENG,DF,32,25,23,"2,083",23.1,0,0,0,0,0,0,5,0,0.8
Brighton,João Pedro,br BRA,"FW,MF",22,27,23,"1,948",21.6,10,6,16,5,5,5,4,1,8.9
Brighton,Yasin Ayari,se SWE,MF,20,34,22,"1,965",21.8,2,1,3,2,0,0,3,0,2.4
Brighton,Jack Hinshelwood,eng ENG,"MF,DF",19,26,22,"1,842",20.5,5,2,7,5,0,0,5,0,2.7
Brighton,Yankuba Minteh,gm GAM,"FW,MF",20,32,20,"1,838",20.4,6,4,10,6,0,0,6,0,4.1
Brighton,Joël Veltman,nl NED,DF,32,21,19,"1,697",18.9,0,0,0,0,0,0,5,0,0.5
Brighton,Georginio Rutter,fr FRA,"MF,FW",22,28,19,"1,656",18.4,5,3,8,5,0,0,2,0,4.6
Brighton,Simon Adingra,ci CIV,"FW,MF",22,29,12,"1,097",12.2,2,2,4,2,0,0,0,0,2.5
Brighton,Matt O'Riley,dk DEN,MF,23,21,11,938,10.4,2,2,4,1,1,1,1,0,2.8
Brighton,,,,,,,,,,,,,,,,,
Brighton,Player,,,,,,,,,,,,,,,,
Brighton,Adam Webster,eng ENG,DF,29,14,11,887,9.9,0,0,0,0,0,0,1,0,0.2
Brighton,Mats Wieffer,nl NED,"DF,MF",24,25,10,"1,015",11.3,1,3,4,1,0,0,6,0,0.8
Brighton,Igor,br BRA,DF,26,13,10,961,10.7,0,0,0,0,0,0,4,0,0.0
Brighton,Tariq Lamptey,gh GHA,DF,23,15,10,860,9.6,2,2,4,2,0,0,0,0,0.4
Brighton,Brajan Gruda,de GER,"MF,FW",20,21,8,687,7.6,1,4,5,1,0,0,0,0,1.2
Brighton,Ferdi Kadioglu,tr TUR,"DF,MF",24,6,5,385,4.3,1,0,1,1,0,0,1,0,0.4
Brighton,Diego Gómez,py PAR,MF,21,16,4,516,5.7,1,0,1,1,0,0,0,0,0.9
Brighton,James Milner,eng ENG,MF,38,4,3,170,1.9,0,0,0,0,0,0,1,0,0.2
Brighton,Julio Enciso,py PAR,"MF,FW",20,12,2,294,3.3,0,0,0,0,0,0,0,0,1.0
Brighton,Evan Ferguson,ie IRL,FW,19,13,2,246,2.7,1,0,1,1,0,0,0,0,0.5
Brighton,Jason Steele,eng ENG,GK,33,2,2,180,2.0,0,0,0,0,0,0,0,0,0.0
Brighton,Solly March,eng ENG,"FW,MF",30,8,1,168,1.9,0,0,0,0,0,0,2,0,0.1
Brighton,Billy Gilmour,sct SCO,MF,23,2,1,98,1.1,0,0,0,0,0,0,0,0,0.1
Brighton,Eiran Cashin,ie IRL,DF,22,2,0,20,0.2,0,0,0,0,0,0,0,0,0.0
Brighton,Jakub Moder,pl POL,MF,25,4,0,11,0.1,0,0,0,0,0,0,0,0,0.0
Brighton,,,,,,,,,,,,,,,,,
Brighton,Player,,,,,,,,,,,,,,,,
Brighton,Jeremy Sarmiento,ec ECU,MF,22,1,0,9,0.1,0,0,0,0,0,0,0,0,0.0
Brighton,Harry Howell,eng ENG,FW,15,1,0,7,0.1,0,0,0,0,0,0,0,0,0.0
Brighton,Valentín Barco,ar ARG,"DF,MF",20,0,0,,,,,,,,,,,
Brighton,Killian Cahill,ie IRL,GK,20,0,0,,,,,,,,,,,
Brighton,Joe Knight,eng ENG,MF,18,0,0,,,,,,,,,,,
Brighton,Ruairi Mcconville,nir NIR,DF,19,0,0,,,,,,,,,,,
Brighton,Mark O'Mahony,ie IRL,FW,19,0,0,,,,,,,,,,,
Brighton,Carl Rushworth,eng ENG,GK,23,0,0,,,,,,,,,,,
Brighton,Imari Samuels,eng ENG,DF,21,0,0,,,,,,,,,,,
Brighton,Freddie Simmonds,eng ENG,DF,16,0,0,,,,,,,,,,,
Brighton,Jacob Slater,ie IRL,DF,19,0,0,,,,,,,,,,,
Brighton,Charlie Tasker,eng ENG,DF,18,0,0,,,,,,,,,,,
Bournemouth,Milos Kerkez,hu HUN,DF,20,38,38,"3,336",37.1,2,5,7,2,0,0,4,0,0.6
Bournemouth,Antoine Semenyo,gh GHA,FW,24,37,36,"3,203",35.6,11,5,16,11,0,0,9,0,10.0
Bournemouth,Illia Zabarnyi,ua UKR,DF,21,36,35,"3,109",34.5,0,1,1,0,0,0,4,1,1.3
Bournemouth,Lewis Cook,eng ENG,"MF,DF",27,36,32,"2,978",33.1,1,3,4,1,0,0,8,1,0.9
Bournemouth,Kepa Arrizabalaga,es ESP,GK,29,31,31,"2,790",31.0,0,0,0,0,0,0,3,0,0.1
Bournemouth,Justin Kluivert,nl NED,MF,25,34,29,"2,340",26.0,12,6,18,6,6,6,8,0,10.3
Bournemouth,Evanilson,br BRA,FW,24,31,28,"2,319",25.8,10,1,11,10,0,1,1,1,12.5
Bournemouth,Ryan Christie,sct SCO,MF,29,29,27,"2,117",23.5,2,3,5,2,0,0,9,0,1.8
Bournemouth,Dean Huijsen,es ESP,DF,19,32,26,"2,427",27.0,3,2,5,3,0,0,10,0,1.9
Bournemouth,Dango Ouattara,bf BFA,FW,22,32,21,"2,005",22.3,7,4,11,7,0,0,3,0,8.4
Bournemouth,Tyler Adams,us USA,MF,25,28,21,"1,965",21.8,0,3,3,0,0,0,7,0,1.6
Bournemouth,Marcus Tavernier,eng ENG,"FW,MF",25,29,20,"1,939",21.5,3,5,8,3,0,0,6,0,5.5
Bournemouth,Adam Smith,eng ENG,DF,33,25,19,"1,590",17.7,0,0,0,0,0,0,7,0,0.7
Bournemouth,Marcos Senesi,ar ARG,DF,27,17,13,"1,106",12.3,0,0,0,0,0,0,5,0,0.8
Bournemouth,David Brooks,wls WAL,"FW,MF",27,29,9,960,10.7,2,0,2,2,0,0,3,0,2.5
Bournemouth,,,,,,,,,,,,,,,,,
Bournemouth,Player,,,,,,,,,,,,,,,,
Bournemouth,Alex Scott,eng ENG,MF,20,20,8,755,8.4,0,0,0,0,0,0,3,0,0.7
Bournemouth,Julian Araujo,mx MEX,DF,22,12,7,497,5.5,0,0,0,0,0,0,2,0,0.0
Bournemouth,James Hill,eng ENG,DF,22,10,6,448,5.0,0,1,1,0,0,0,1,0,0.3
Bournemouth,Mark Travers,ie IRL,GK,25,5,5,450,5.0,0,0,0,0,0,0,0,0,0.0
Bournemouth,Enes Ünal,tr TUR,"FW,MF",27,17,2,345,3.8,2,1,3,2,0,0,2,0,2.7
Bournemouth,Neto,br BRA,GK,35,2,2,180,2.0,0,0,0,0,0,0,0,0,0.0
Bournemouth,Luis Sinisterra,co COL,"FW,MF",25,12,1,236,2.6,1,1,2,1,0,0,0,0,1.2
Bournemouth,Philip Billing,dk DEN,MF,28,10,1,184,2.0,0,0,0,0,0,0,1,0,0.6
Bournemouth,Max Aarons,eng ENG,DF,24,3,1,86,1.0,0,0,0,0,0,0,0,0,0.0
Bournemouth,Daniel Jebbison,ca CAN,FW,20,16,0,119,1.3,1,0,1,1,0,0,1,0,1.0
Bournemouth,Ben Winterburn,eng ENG,"MF,FW",19,4,0,24,0.3,0,0,0,0,0,0,0,0,0.0
Bournemouth,Julio Soler,ar ARG,"DF,FW",19,3,0,11,0.1,0,0,0,0,0,0,0,0,0.0
Bournemouth,Remy Rees-Dottin,eng ENG,FW,18,1,0,1,0.0,0,0,0,0,0,0,0,0,0.0
Bournemouth,Zain Silcott-Duberry,ms MSR,FW,19,1,0,1,0.0,0,0,0,0,0,0,0,0,0.0
Bournemouth,Daniel Adu-Adjei,eng ENG,FW,19,0,0,,,,,,,,,,,
Bournemouth,,,,,,,,,,,,,,,,,
Bournemouth,Player,,,,,,,,,,,,,,,,
Bournemouth,Matai Akinmboni,us USA,DF,17,0,0,,,,,,,,,,,
Bournemouth,Jaidon Anthony,eng ENG,"FW,MF",24,0,0,,,,,,,,,,,
Bournemouth,Will Dennis,eng ENG,GK,24,0,0,,,,,,,,,,,
Bournemouth,Archie Harris,wls WAL,DF,19,0,0,,,,,,,,,,,
Bournemouth,Hamed Junior Traorè,ci CIV,"FW,MF",24,0,0,,,,,,,,,,,
Bournemouth,Callan Mckenna,sct SCO,GK,17,0,0,,,,,,,,,,,
Bournemouth,Dominic Sadi,eng ENG,MF,20,0,0,,,,,,,,,,,
Bournemouth,Maxwell Wellings,eng ENG,DF,19,0,0,,,,,,,,,,,
Brentford,Nathan Collins,ie IRL,DF,23,38,38,"3,420",38.0,2,3,5,2,0,0,5,0,2.5
Brentford,Bryan Mbeumo,cm CMR,FW,24,38,38,"3,414",37.9,20,7,27,15,5,6,3,0,12.3
Brentford,Mark Flekken,nl NED,GK,31,37,37,"3,275",36.4,0,2,2,0,0,0,1,0,0.0
Brentford,Keane Lewis-Potter,eng ENG,"DF,FW",23,38,36,"3,093",34.4,1,3,4,1,0,0,7,0,3.1
Brentford,Yoane Wissa,cd COD,FW,27,35,34,"2,919",32.4,19,4,23,19,0,0,5,0,18.5
Brentford,Mikkel Damsgaard,dk DEN,"MF,FW",24,38,34,"2,911",32.3,2,10,12,2,0,0,2,0,2.8
Brentford,Christian Nørgaard,dk DEN,MF,30,34,34,"2,819",31.3,5,4,9,5,0,0,8,1,4.3
Brentford,Sepp van den Berg,nl NED,DF,22,31,29,"2,586",28.7,0,0,0,0,0,0,3,0,2.0
Brentford,Vitaly Janelt,de GER,MF,26,32,27,"2,254",25.0,1,3,4,1,0,0,3,0,0.8
Brentford,Kevin Schade,de GER,FW,22,38,26,"2,293",25.5,11,2,13,11,0,0,3,0,8.2
Brentford,Ethan Pinnock,jm JAM,DF,31,22,21,"1,913",21.3,2,0,2,2,0,0,2,0,1.1
Brentford,Kristoffer Ajer,no NOR,DF,26,24,17,"1,438",16.0,0,0,0,0,0,0,5,0,1.0
Brentford,Yehor Yarmoliuk,ua UKR,MF,20,31,15,"1,450",16.1,0,0,0,0,0,0,6,0,0.6
Brentford,Mads Roerslev,dk DEN,DF,25,19,11,"1,101",12.2,0,2,2,0,0,0,2,0,0.2
Brentford,Mathias Jensen,dk DEN,MF,28,24,8,862,9.6,0,2,2,0,0,0,2,0,0.2
Brentford,,,,,,,,,,,,,,,,,
Brentford,Player,,,,,,,,,,,,,,,,
Brentford,Michael Kayode,it ITA,DF,20,12,6,528,5.9,0,1,1,0,0,0,2,0,0.2
Brentford,Fabio Carvalho,pt POR,"FW,MF",21,19,3,455,5.1,2,1,3,2,0,0,1,0,2.5
Brentford,Ben Mee,eng ENG,DF,34,7,2,183,2.0,0,0,0,0,0,0,2,0,0.0
Brentford,Thiago,br BRA,"FW,MF",23,8,1,175,1.9,0,0,0,0,0,0,0,0,0.1
Brentford,Hákon Valdimarsson,is ISL,GK,22,2,1,145,1.6,0,0,0,0,0,0,0,0,0.0
Brentford,Edmond-Paris Maghoma,eng ENG,"MF,FW",23,8,0,119,1.3,0,0,0,0,0,0,0,0,0.1
Brentford,Rico Henry,eng ENG,DF,27,5,0,99,1.1,0,0,0,0,0,0,0,0,0.0
Brentford,Yunus Emre Konak,tr TUR,"FW,MF",18,10,0,42,0.5,0,0,0,0,0,0,0,0,0.2
Brentford,Kim Jisoo,kr KOR,DF,19,3,0,30,0.3,0,0,0,0,0,0,0,0,0.0
Brentford,Frank Onyeka,ng NGA,MF,26,2,0,25,0.3,0,0,0,0,0,0,0,0,0.0
Brentford,Gustavo Nunes,br BRA,"FW,MF",18,3,0,12,0.1,0,0,0,0,0,0,0,0,0.0
Brentford,Jayden Meghoma,eng ENG,DF,18,1,0,5,0.1,0,0,0,0,0,0,0,0,0.0
Brentford,Ryan Trevitt,eng ENG,MF,21,1,0,4,0.0,0,0,0,0,0,0,0,0,0.0
Brentford,Benjamin Arthur,eng ENG,DF,18,0,0,,,,,,,,,,,
Brentford,Julian Eyestone,us USA,GK,18,0,0,,,,,,,,,,,
Brentford,Benjamin Fredrick,ng NGA,DF,19,0,0,,,,,,,,,,,
Brentford,Aaron Hickey,sct SCO,"DF,MF",22,0,0,,,,,,,,,,,
Brentford,Iwan Morgan,wls WAL,FW,18,0,0,,,,,,,,,,,
Brentford,Myles Peart-Harris,eng ENG,MF,21,0,0,,,,,,,,,,,
Brentford,Tony Yogane,eng ENG,MF,18,0,0,,,,,,,,,,,
Fulham,Bernd Leno,de GER,GK,32,38,38,"3,420",38.0,0,1,1,0,0,0,5,0,0.0
Fulham,Antonee Robinson,us USA,DF,26,36,35,"3,167",35.2,0,10,10,0,0,0,8,0,0.7
Fulham,Alex Iwobi,ng NGA,"FW,MF",28,38,35,"2,981",33.1,9,6,15,9,0,0,1,0,4.7
Fulham,Calvin Bassey,ng NGA,DF,24,35,34,"3,074",34.2,1,0,1,1,0,0,7,0,1.0
Fulham,Raúl Jiménez,mx MEX,FW,33,38,30,"2,494",27.7,12,3,15,9,3,3,4,0,12.0
Fulham,Joachim Andersen,dk DEN,DF,28,29,29,"2,583",28.7,0,0,0,0,0,0,6,1,1.0
Fulham,Saša Lukić,rs SRB,MF,27,30,28,"2,344",26.0,0,2,2,0,0,0,12,0,1.2
Fulham,Sander Berge,no NOR,MF,26,31,26,"2,224",24.7,0,0,0,0,0,0,6,0,0.4
Fulham,Emile Smith Rowe,eng ENG,MF,24,34,25,"2,043",22.7,6,3,9,6,0,0,3,0,4.5
Fulham,Andreas Pereira,br BRA,MF,28,33,25,"2,013",22.4,2,4,6,2,0,1,7,0,3.8
Fulham,Kenny Tete,nl NED,DF,28,22,21,"1,774",19.7,0,2,2,0,0,0,5,0,1.4
Fulham,Adama Traoré,es ESP,"FW,MF",28,36,18,"1,772",19.7,2,7,9,2,0,0,3,0,4.0
Fulham,Timothy Castagne,be BEL,DF,28,24,17,"1,649",18.3,0,1,1,0,0,0,1,0,0.4
Fulham,Issa Diop,fr FRA,DF,27,21,15,"1,339",14.9,0,0,0,0,0,0,2,0,0.5
Fulham,Harry Wilson,wls WAL,"FW,MF",27,25,12,"1,162",12.9,6,1,7,6,0,0,2,0,4.2
Fulham,Rodrigo Muniz,br BRA,FW,23,31,8,964,10.7,8,1,9,8,0,0,1,0,5.8
Fulham,Ryan Sessegnon,eng ENG,"FW,DF",24,16,7,580,6.4,4,2,6,4,0,0,1,0,1.6
Fulham,Reiss Nelson,eng ENG,FW,24,11,5,487,5.4,1,1,2,1,0,0,1,0,1.1
Fulham,Jorge Cuenca,es ESP,DF,24,8,4,351,3.9,0,0,0,0,0,0,0,0,0.0
Fulham,Tom Cairney,sct SCO,MF,33,25,3,628,7.0,2,0,2,2,0,0,3,1,0.8
Fulham,Willian,br BRA,"FW,MF",35,10,2,257,2.9,0,0,0,0,0,0,0,0,0.3
Fulham,Joshua King,eng ENG,MF,17,8,1,130,1.4,0,0,0,0,0,0,0,0,0.3
Fulham,Harrison Reed,eng ENG,MF,29,12,0,108,1.2,0,0,0,0,0,0,2,0,0.2
Fulham,Martial Godo,eng ENG,"FW,DF",21,2,0,24,0.3,0,0,0,0,0,0,0,0,0.0
Fulham,Carlos Vinícius,br BRA,"MF,FW",29,3,0,16,0.2,0,0,0,0,0,0,0,0,0.0
Fulham,Jay Stansfield,eng ENG,MF,21,1,0,1,0.0,0,0,0,0,0,0,0,0,0.0
Fulham,Samuel Amissah,eng ENG,DF,17,0,0,,,,,,,,,,,
Fulham,Steven Benda,de GER,GK,25,0,0,,,,,,,,,,,
Crystal Palace,Dean Henderson,eng ENG,GK,27,38,38,"3,420",38.0,0,0,0,0,0,0,3,0,0.0
Crystal Palace,Daniel Muñoz,co COL,DF,28,37,37,"3,228",35.9,4,5,9,4,0,0,10,0,4.9
Crystal Palace,Tyrick Mitchell,eng ENG,DF,24,37,37,"3,092",34.4,0,5,5,0,0,0,2,0,1.3
Crystal Palace,Maxence Lacroix,fr FRA,DF,24,35,35,"3,116",34.6,1,1,2,1,0,0,5,0,3.4
Crystal Palace,Marc Guéhi,eng ENG,DF,24,34,34,"3,059",34.0,3,2,5,3,0,0,9,1,2.0
Crystal Palace,Jean-Philippe Mateta,fr FRA,FW,27,37,33,"2,648",29.4,14,2,16,12,2,2,2,0,13.5
Crystal Palace,Eberechi Eze,eng ENG,"MF,FW",26,34,31,"2,588",28.8,8,8,16,7,1,2,1,0,10.5
Crystal Palace,Ismaila Sarr,sn SEN,MF,26,38,30,"2,711",30.1,8,6,14,8,0,0,4,0,10.7
Crystal Palace,Jefferson Lerma,co COL,"MF,DF",29,33,26,"2,274",25.3,0,1,1,0,0,0,9,0,1.1
Crystal Palace,Will Hughes,eng ENG,MF,29,33,24,"2,108",23.4,0,3,3,0,0,0,11,0,1.1
Crystal Palace,Chris Richards,us USA,DF,24,24,22,"1,922",21.4,1,0,1,1,0,0,4,1,1.4
Crystal Palace,Adam Wharton,eng ENG,MF,20,20,16,"1,318",14.6,0,2,2,0,0,0,2,0,0.4
Crystal Palace,Daichi Kamada,jp JPN,MF,27,34,15,"1,564",17.4,0,0,0,0,0,0,4,1,1.1
Crystal Palace,Trevoh Chalobah,eng ENG,DF,25,12,12,"1,060",11.8,3,0,3,3,0,0,1,0,1.2
Crystal Palace,Eddie Nketiah,eng ENG,"FW,MF",25,29,9,"1,034",11.5,3,1,4,3,0,0,6,1,5.8
Crystal Palace,,,,,,,,,,,,,,,,,
Crystal Palace,Player,,,,,,,,,,,,,,,,
Crystal Palace,Nathaniel Clyne,eng ENG,"DF,MF",33,13,5,483,5.4,0,0,0,0,0,0,1,0,0.0
Crystal Palace,Justin Devenny,nir NIR,MF,20,23,4,507,5.6,1,1,2,1,0,0,1,0,0.8
Crystal Palace,Cheick Doucouré,ml MLI,MF,24,13,4,452,5.0,0,0,0,0,0,0,1,0,0.4
Crystal Palace,Ben Chilwell,eng ENG,DF,27,8,1,259,2.9,1,0,1,1,0,0,1,0,0.2
Crystal Palace,Romain Esse,eng ENG,MF,19,7,1,138,1.5,1,1,2,1,0,0,0,0,0.3
Crystal Palace,Odsonne Édouard,fr FRA,"MF,FW",26,2,1,115,1.3,0,0,0,0,0,0,0,0,0.4
Crystal Palace,Joachim Andersen,dk DEN,DF,28,1,1,90,1.0,0,0,0,0,0,0,1,0,0.0
Crystal Palace,Chadi Riad,ma MAR,DF,21,1,1,90,1.0,0,0,0,0,0,0,0,0,0.0
Crystal Palace,Joel Ward,eng ENG,DF,34,2,1,71,0.8,0,0,0,0,0,0,1,0,0.0
Crystal Palace,Jeffrey Schlupp,gh GHA,"MF,DF",31,12,0,103,1.1,0,0,0,0,0,0,0,0,0.2
Crystal Palace,Matheus França,br BRA,"MF,FW",20,4,0,55,0.6,1,0,1,1,0,0,0,0,0.3
Crystal Palace,Jordan Ayew,gh GHA,"FW,MF",32,1,0,21,0.2,0,0,0,0,0,0,1,0,0.5
Crystal Palace,Caleb Kporha,eng ENG,DF,18,2,0,13,0.1,0,0,0,0,0,0,0,0,0.0
Crystal Palace,Asher Agbinone,eng ENG,MF,18,2,0,6,0.1,0,0,0,0,0,0,0,0,0.0
Crystal Palace,Naouirou Ahamada,fr FRA,MF,22,0,0,,,,,,,,,,,
Crystal Palace,,,,,,,,,,,,,,,,,
Crystal Palace,Player,,,,,,,,,,,,,,,,
Crystal Palace,Rob Holding,eng ENG,DF,28,0,0,,,,,,,,,,,
Crystal Palace,Sam Johnstone,eng ENG,GK,31,0,0,,,,,,,,,,,
Crystal Palace,Zachariah Marsh,eng ENG,FW,18,0,0,,,,,,,,,,,
Crystal Palace,Remi Matthews,eng ENG,GK,30,0,0,,,,,,,,,,,
Crystal Palace,Kaden Rodney,eng ENG,"DF,MF",19,0,0,,,,,,,,,,,
Crystal Palace,Matt Turner,us USA,GK,30,0,0,,,,,,,,,,,
Crystal Palace,Franco Umeh-Chibueze,ie IRL,MF,19,0,0,,,,,,,,,,,
Everton,Jordan Pickford,eng ENG,GK,30,38,38,"3,420",38.0,0,1,1,0,0,0,7,0,0.0
Everton,Vitaliy Mykolenko,ua UKR,DF,25,35,35,"3,082",34.2,1,2,3,1,0,0,4,0,0.5
Everton,Idrissa Gana Gueye,sn SEN,MF,34,37,35,"3,063",34.0,0,3,3,0,0,0,9,0,1.1
Everton,James Tarkowski,eng ENG,DF,31,33,33,"2,922",32.5,1,1,2,1,0,0,6,0,1.3
Everton,Abdoulaye Doucouré,ml MLI,MF,31,33,31,"2,564",28.5,3,2,5,3,0,0,5,1,4.1
Everton,Iliman Ndiaye,sn SEN,FW,24,33,29,"2,430",27.0,9,0,9,7,2,2,3,0,6.2
Everton,Jarrad Branthwaite,eng ENG,DF,22,30,28,"2,511",27.9,0,1,1,0,0,0,4,0,1.2
Everton,Jack Harrison,eng ENG,FW,27,34,24,"2,076",23.1,1,0,1,1,0,0,0,0,3.5
Everton,Ashley Young,eng ENG,DF,39,32,19,"1,875",20.8,1,3,4,1,0,0,7,1,0.3
Everton,Dominic Calvert-Lewin,eng ENG,FW,27,26,19,"1,609",17.9,3,1,4,3,0,0,2,0,6.7
Everton,James Garner,eng ENG,"MF,DF",23,21,17,"1,594",17.7,0,1,1,0,0,0,5,0,0.7
Everton,Jake O'Brien,ie IRL,DF,23,20,17,"1,571",17.5,2,0,2,2,0,0,5,0,0.8
Everton,Beto,gw GNB,FW,26,30,15,"1,534",17.0,8,0,8,8,0,0,2,0,8.2
Everton,Dwight McNeil,eng ENG,"MF,FW",24,21,15,"1,371",15.2,4,6,10,4,0,0,1,0,1.1
Everton,Jesper Lindstrøm,dk DEN,FW,24,25,15,"1,239",13.8,0,1,1,0,0,0,2,0,2.1
Everton,,,,,,,,,,,,,,,,,
Everton,Player,,,,,,,,,,,,,,,,
Everton,Orel Mangala,be BEL,MF,26,19,14,"1,261",14.0,1,0,1,1,0,0,2,0,1.1
Everton,Michael Keane,eng ENG,DF,31,14,11,"1,049",11.7,3,0,3,3,0,0,5,0,0.6
Everton,Carlos Alcaraz,ar ARG,"FW,MF",21,15,7,764,8.5,2,3,5,2,0,0,4,0,1.7
Everton,Tim Iroegbunam,eng ENG,MF,21,18,5,574,6.4,0,1,1,0,0,0,4,0,0.2
Everton,Armando Broja,al ALB,FW,22,10,4,334,3.7,0,0,0,0,0,0,1,0,0.1
Everton,Nathan Patterson,sct SCO,DF,22,10,3,347,3.9,0,1,1,0,0,0,1,0,0.1
Everton,Séamus Coleman,ie IRL,DF,35,5,3,215,2.4,0,0,0,0,0,0,1,0,0.6
Everton,Roman Dixon,eng ENG,DF,19,1,1,90,1.0,0,0,0,0,0,0,0,0,0.0
Everton,Harrison Armstrong,eng ENG,MF,17,3,0,48,0.5,0,0,0,0,0,0,1,0,0.4
Everton,Youssef Chermiti,pt POR,"FW,MF",20,4,0,45,0.5,0,0,0,0,0,0,1,0,0.1
Everton,Mason Holgate,jm JAM,"FW,DF",27,1,0,6,0.1,0,0,0,0,0,0,0,0,0.0
Everton,Callum Bates,eng ENG,MF,18,0,0,,,,,,,,,,,
Everton,Asmir Begović,ba BIH,GK,37,0,0,,,,,,,,,,,
Everton,Coby Ebere,de GER,MF,18,0,0,,,,,,,,,,,
Everton,Isaac Heath,eng ENG,MF,19,0,0,,,,,,,,,,,
Everton,Neal Maupay,fr FRA,"FW,MF",27,0,0,,,,,,,,,,,
Everton,Jenson Metcalfe,eng ENG,MF,19,0,0,,,,,,,,,,,
Everton,Martin Sherif,nl NED,FW,18,0,0,,,,,,,,,,,
Everton,João Virgínia,pt POR,GK,24,0,0,,,,,,,,,,,
Everton,Reece Welch,eng ENG,DF,20,0,0,,,,,,,,,,,
West Ham,Max Kilman,eng ENG,DF,27,38,38,"3,348",37.2,0,1,1,0,0,0,5,0,1.6
West Ham,Aaron Wan-Bissaka,cd COD,DF,26,36,35,"3,154",35.0,2,5,7,2,0,0,1,0,1.2
West Ham,Jarrod Bowen,eng ENG,"FW,MF",27,34,34,"2,973",33.0,13,8,21,12,1,1,1,0,8.6
West Ham,Mohammed Kudus,gh GHA,"FW,MF",23,32,31,"2,590",28.8,5,3,8,5,0,0,2,1,6.9
West Ham,Tomáš Souček,cz CZE,MF,29,35,30,"2,567",28.5,9,1,10,9,0,0,8,0,6.7
West Ham,Lucas Paquetá,br BRA,"MF,FW",26,33,27,"2,380",26.4,4,0,4,2,2,2,10,0,5.3
West Ham,Emerson Palmieri,it ITA,DF,29,31,26,"2,113",23.5,2,1,3,2,0,0,5,0,2.0
West Ham,Alphonse Areola,fr FRA,GK,31,26,25,"2,260",25.1,0,0,0,0,0,0,0,0,0.0
West Ham,Konstantinos Mavropanos,gr GRE,DF,26,33,21,"2,045",22.7,0,0,0,0,0,0,6,1,1.5
West Ham,Jean-Clair Todibo,fr FRA,DF,24,27,20,"1,825",20.3,0,0,0,0,0,0,3,0,0.4
West Ham,Edson Álvarez,mx MEX,MF,26,28,20,"1,772",19.7,0,1,1,0,0,0,9,1,0.4
West Ham,Guido Rodríguez,ar ARG,MF,30,23,16,"1,149",12.8,0,1,1,0,0,0,6,0,0.2
West Ham,Carlos Soler,es ESP,"MF,FW",27,31,14,"1,409",15.7,1,1,2,1,0,0,6,0,1.8
West Ham,Łukasz Fabiański,pl POL,GK,39,14,13,"1,160",12.9,0,0,0,0,0,0,2,0,0.0
West Ham,James Ward-Prowse,eng ENG,MF,29,15,12,"1,039",11.5,1,1,2,1,0,0,2,0,1.6
West Ham,Vladimír Coufal,cz CZE,DF,31,22,11,"1,067",11.9,0,0,0,0,0,0,5,0,0.3
West Ham,Michail Antonio,jm JAM,FW,34,14,11,836,9.3,1,1,2,1,0,0,1,0,2.2
West Ham,Aaron Cresswell,eng ENG,DF,34,18,10,824,9.2,0,0,0,0,0,0,3,0,0.2
West Ham,Crysencio Summerville,nl NED,"FW,MF",22,19,7,786,8.7,1,1,2,1,0,0,2,0,1.6
West Ham,Oliver Scarles,eng ENG,"DF,FW",18,15,7,665,7.4,0,0,0,0,0,0,1,0,0.1
West Ham,Niclas Füllkrug,de GER,FW,31,18,6,790,8.8,3,2,5,3,0,0,2,0,2.2
West Ham,Danny Ings,eng ENG,"FW,MF",32,15,1,284,3.2,1,2,3,1,0,0,0,0,2.3
West Ham,Andy Irving,sct SCO,MF,24,10,1,166,1.8,0,0,0,0,0,0,2,0,0.1
West Ham,Evan Ferguson,ie IRL,FW,19,8,1,156,1.7,0,0,0,0,0,0,0,0,0.6
West Ham,Luis Guilherme,br BRA,"MF,FW",18,12,1,150,1.7,0,0,0,0,0,0,0,0,0.4
West Ham,Lewis Orford,eng ENG,MF,18,2,0,49,0.5,0,0,0,0,0,0,0,0,0.0
West Ham,Kaelan Casey,eng ENG,DF,19,1,0,1,0.0,0,0,0,0,0,0,0,0,0.0
West Ham,Wes Foderingham,eng ENG,GK,33,0,0,,,,,,,,,,,
West Ham,Ezra Mayers,bb BRB,DF,17,0,0,,,,,,,,,,,
Manchester Utd,Bruno Fernandes,pt POR,MF,29,36,35,"3,018",33.5,8,10,18,5,3,3,5,2,9.9
Manchester Utd,André Onana,cm CMR,GK,28,34,34,"3,060",34.0,0,0,0,0,0,0,0,0,0.0
Manchester Utd,Noussair Mazraoui,ma MAR,DF,26,37,34,"2,838",31.5,0,1,1,0,0,0,3,0,0.7
Manchester Utd,Diogo Dalot,pt POR,DF,25,33,31,"2,814",31.3,0,3,3,0,0,0,5,0,2.0
Manchester Utd,Matthijs de Ligt,nl NED,DF,24,29,25,"2,123",23.6,2,0,2,2,0,0,3,0,2.5
Manchester Utd,Alejandro Garnacho,ar ARG,"MF,FW",20,36,23,"2,199",24.4,6,2,8,6,0,0,3,0,7.3
Manchester Utd,Rasmus Højlund,dk DEN,FW,21,32,23,"2,004",22.3,4,0,4,4,0,0,2,0,5.3
Manchester Utd,Manuel Ugarte,uy URU,MF,23,29,22,"1,785",19.8,1,2,3,1,0,0,11,0,1.0
Manchester Utd,Amad Diallo,ci CIV,"MF,FW",22,26,20,"1,901",21.1,8,6,14,8,0,0,5,0,4.7
Manchester Utd,Lisandro Martínez,ar ARG,DF,26,20,20,"1,751",19.5,2,1,3,2,0,0,7,0,1.3
Manchester Utd,Harry Maguire,eng ENG,DF,31,27,19,"1,758",19.5,1,0,1,1,0,0,7,0,1.8
Manchester Utd,Kobbie Mainoo,eng ENG,MF,19,25,19,"1,651",18.3,0,0,0,0,0,0,5,0,0.7
Manchester Utd,Casemiro,br BRA,MF,32,24,18,"1,494",16.6,1,0,1,1,0,0,5,0,1.9
Manchester Utd,Joshua Zirkzee,nl NED,"FW,MF",23,32,14,"1,402",15.6,3,1,4,3,0,0,2,0,4.8
Manchester Utd,Leny Yoro,fr FRA,DF,18,21,12,"1,165",12.9,0,0,0,0,0,0,5,0,0.7
Manchester Utd,,,,,,,,,,,,,,,,,
Manchester Utd,Player,,,,,,,,,,,,,,,,
Manchester Utd,Marcus Rashford,eng ENG,"FW,MF",26,15,12,978,10.9,4,1,5,4,0,0,2,0,1.7
Manchester Utd,Christian Eriksen,dk DEN,MF,32,23,11,"1,061",11.8,1,2,3,0,1,1,4,0,1.4
Manchester Utd,Patrick Dorgu,dk DEN,DF,19,12,10,842,9.4,0,0,0,0,0,0,3,1,0.4
Manchester Utd,Mason Mount,eng ENG,MF,25,17,8,622,6.9,1,0,1,1,0,0,3,0,3.2
Manchester Utd,Victor Lindelöf,se SWE,DF,30,16,6,704,7.8,0,0,0,0,0,0,1,0,0.0
Manchester Utd,Altay Bayındır,tr TUR,GK,26,4,4,360,4.0,0,0,0,0,0,0,0,0,0.0
Manchester Utd,Luke Shaw,eng ENG,DF,29,7,4,349,3.9,0,0,0,0,0,0,1,0,0.0
Manchester Utd,Harry Amass,eng ENG,DF,17,5,4,346,3.8,0,0,0,0,0,0,0,0,0.1
Manchester Utd,Jonny Evans,nir NIR,DF,36,7,3,315,3.5,0,0,0,0,0,0,1,0,0.1
Manchester Utd,Ayden Heaven,eng ENG,DF,17,4,2,170,1.9,0,0,0,0,0,0,1,0,0.1
Manchester Utd,Tyler Fredricson,eng ENG,DF,19,2,2,165,1.8,0,0,0,0,0,0,0,0,0.0
Manchester Utd,Tyrell Malacia,nl NED,DF,24,3,2,100,1.1,0,0,0,0,0,0,1,0,0.0
Manchester Utd,Chidozie Obi-Martin,dk DEN,FW,16,7,1,165,1.8,0,0,0,0,0,0,1,0,0.7
Manchester Utd,Toby Collyer,eng ENG,MF,20,6,0,179,2.0,0,0,0,0,0,0,0,0,0.2
Manchester Utd,Antony,br BRA,"DF,MF",24,8,0,141,1.6,0,0,0,0,0,0,0,0,1.0
Manchester Utd,,,,,,,,,,,,,,,,,
Manchester Utd,Player,,,,,,,,,,,,,,,,
Manchester Utd,Scott McTominay,sct SCO,MF,27,2,0,19,0.2,0,0,0,0,0,0,0,0,0.1
Manchester Utd,Jayce Fitzgerald,eng ENG,MF,17,0,0,,,,,,,,,,,
Manchester Utd,Jack Fletcher,eng ENG,MF,17,0,0,,,,,,,,,,,
Manchester Utd,Hubert Graczyk,pl POL,GK,21,0,0,,,,,,,,,,,
Manchester Utd,Elyh Harrison,eng ENG,GK,18,0,0,,,,,,,,,,,
Manchester Utd,Tom Heaton,eng ENG,GK,38,0,0,,,,,,,,,,,
Manchester Utd,Sekou Koné,ml MLI,MF,18,0,0,,,,,,,,,,,
Manchester Utd,Godwill Kukonki,eng ENG,DF,16,0,0,,,,,,,,,,,
Manchester Utd,Dermot Mee,nir NIR,GK,21,0,0,,,,,,,,,,,
Manchester Utd,Jack Moorhouse,eng ENG,MF,18,0,0,,,,,,,,,,,
Manchester Utd,Ethan Wheatley,eng ENG,FW,18,0,0,,,,,,,,,,,
Wolves,Rayan Aït-Nouri,dz ALG,DF,23,37,37,"3,109",34.5,4,7,11,4,0,0,7,1,2.7
Wolves,João Gomes,br BRA,MF,23,36,35,"2,974",33.0,3,1,4,3,0,0,11,1,2.9
Wolves,Nélson Semedo,pt POR,DF,30,34,32,"2,886",32.1,0,4,4,0,0,0,8,0,0.9
Wolves,André,br BRA,MF,23,33,31,"2,472",27.5,0,0,0,0,0,0,7,0,0.4
Wolves,Toti Gomes,pt POR,DF,25,31,30,"2,614",29.0,0,1,1,0,0,0,7,0,0.7
Wolves,Jørgen Strand Larsen,no NOR,FW,24,35,30,"2,587",28.7,14,4,18,14,0,0,4,0,10.3
Wolves,José Sá,pt POR,GK,31,29,29,"2,609",29.0,0,0,0,0,0,0,2,0,0.0
Wolves,Matheus Cunha,br BRA,"MF,FW",25,33,29,"2,597",28.9,15,6,21,15,0,0,4,0,8.6
Wolves,Matt Doherty,ie IRL,DF,32,30,25,"2,109",23.4,2,1,3,2,0,0,6,0,1.0
Wolves,Jean-Ricner Bellegarde,ht HAI,"MF,FW",26,35,20,"1,677",18.6,2,7,9,2,0,0,3,0,1.5
Wolves,Santiago Bueno,uy URU,DF,25,29,18,"1,687",18.7,0,0,0,0,0,0,2,0,0.4
Wolves,Emmanuel Agbadou,ci CIV,DF,27,16,16,"1,410",15.7,1,0,1,1,0,0,3,0,0.8
Wolves,Mario Lemina,ga GAB,"MF,DF",30,17,15,"1,364",15.2,1,3,4,1,0,0,4,0,1.4
Wolves,Marshall Munetsi,zw ZIM,"MF,FW",28,14,12,"1,078",12.0,2,1,3,2,0,0,0,0,3.3
Wolves,Gonçalo Guedes,pt POR,"MF,FW",27,29,10,995,11.1,2,4,6,2,0,0,1,0,3.2
Wolves,,,,,,,,,,,,,,,,,
Wolves,Player,,,,,,,,,,,,,,,,
Wolves,Craig Dawson,eng ENG,DF,34,15,10,971,10.8,0,0,0,0,0,0,2,0,0.5
Wolves,Pablo Sarabia,es ESP,"MF,FW",32,23,7,814,9.0,3,2,5,3,0,0,3,0,2.9
Wolves,Rodrigo Gomes,pt POR,"DF,FW",21,25,7,810,9.0,2,0,2,2,0,0,0,0,0.7
Wolves,Sam Johnstone,eng ENG,GK,31,7,7,630,7.0,0,0,0,0,0,0,0,0,0.0
Wolves,Hwang Hee-chan,kr KOR,"MF,FW",28,21,5,661,7.3,2,0,2,2,0,0,0,0,0.8
Wolves,Yerson Mosquera,co COL,DF,23,5,5,441,4.9,0,0,0,0,0,0,2,0,0.3
Wolves,Tommy Doyle,eng ENG,MF,22,24,3,488,5.4,0,1,1,0,0,0,1,0,0.6
Wolves,Daniel Bentley,eng ENG,GK,31,2,2,180,2.0,0,0,0,0,0,0,0,0,0.0
Wolves,Carlos Forbs,pt POR,"MF,FW",20,10,1,239,2.7,0,0,0,0,0,0,2,0,0.1
Wolves,Pedro Lima,br BRA,DF,18,3,1,70,0.8,0,0,0,0,0,0,0,0,0.1
Wolves,Nasser Djiga,bf BFA,DF,21,5,1,66,0.7,0,0,0,0,0,0,0,0,0.0
Wolves,Daniel Podence,pt POR,"MF,FW",28,2,0,48,0.5,0,0,0,0,0,0,0,0,0.0
Wolves,Chiquinho,pt POR,MF,24,1,0,7,0.1,0,0,0,0,0,0,0,0,0.0
Wolves,Mateus Mane,,MF,,1,0,2,0.0,0,0,0,0,0,0,0,0,0.0
Wolves,Tom King,wls WAL,GK,29,1,0,1,0.0,0,0,0,0,0,0,0,0,0.0
Wolves,,,,,,,,,,,,,,,,,
Wolves,Player,,,,,,,,,,,,,,,,
Wolves,Alfie Pond,eng ENG,DF,20,1,0,1,0.0,0,0,0,0,0,0,0,0,0.0
Wolves,Boubacar Traoré,ml MLI,MF,22,1,0,1,0.0,0,0,0,0,0,0,0,0,0.0
Wolves,Tawanda Chirewa,zw ZIM,MF,20,0,0,,,,,,,,,,,
Wolves,Luke Cundle,eng ENG,MF,22,0,0,,,,,,,,,,,
Wolves,Tom Edozie,eng ENG,MF,18,0,0,,,,,,,,,,,
Wolves,Bastien Meupiyou,fr FRA,DF,18,0,0,,,,,,,,,,,
Wolves,Wesley Okoduwa,eng ENG,FW,16,0,0,,,,,,,,,,,
Tottenham,Pedro Porro,es ESP,DF,24,33,28,"2,610",29.0,2,6,8,2,0,0,5,0,1.6
Tottenham,Dejan Kulusevski,se SWE,"MF,FW",24,32,27,"2,389",26.5,7,4,11,7,0,0,3,0,4.2
Tottenham,Dominic Solanke,eng ENG,FW,26,27,25,"2,201",24.5,9,3,12,8,1,1,0,0,10.9
Tottenham,Brennan Johnson,wls WAL,FW,23,33,24,"2,177",24.2,11,3,14,11,0,0,5,0,10.4
Tottenham,Guglielmo Vicario,it ITA,GK,27,24,24,"2,160",24.0,0,0,0,0,0,0,1,0,0.0
Tottenham,Son Heung-min,kr KOR,FW,32,30,24,"2,110",23.4,7,9,16,6,1,2,1,0,7.2
Tottenham,Destiny Udogie,it ITA,DF,21,25,24,"1,924",21.4,0,1,1,0,0,0,2,0,0.3
Tottenham,Pape Matar Sarr,sn SEN,MF,21,36,22,"1,913",21.3,3,2,5,3,0,0,6,0,3.7
Tottenham,James Maddison,eng ENG,MF,27,31,21,"1,809",20.1,9,7,16,9,0,0,6,0,5.8
Tottenham,Rodrigo Bentancur,uy URU,MF,27,26,21,"1,645",18.3,2,0,2,2,0,0,9,0,1.3
Tottenham,Djed Spence,eng ENG,DF,23,25,19,"1,792",19.9,1,2,3,1,0,0,4,1,0.6
Tottenham,Archie Gray,eng ENG,"DF,MF",18,28,19,"1,751",19.5,0,0,0,0,0,0,1,0,0.0
Tottenham,Cristian Romero,ar ARG,DF,26,18,18,"1,416",15.7,1,0,1,1,0,0,3,0,1.6
Tottenham,Yves Bissouma,ml MLI,MF,27,28,16,"1,408",15.6,2,0,2,2,0,0,7,0,0.6
Tottenham,Ben Davies,wls WAL,DF,31,17,14,"1,331",14.8,0,0,0,0,0,0,5,0,0.3
Tottenham,,,,,,,,,,,,,,,,,
Tottenham,Player,,,,,,,,,,,,,,,,
Tottenham,Radu Drăgușin,ro ROU,DF,22,16,14,"1,252",13.9,0,0,0,0,0,0,1,0,0.1
Tottenham,Micky van de Ven,nl NED,DF,23,13,12,"1,015",11.3,0,2,2,0,0,0,4,0,0.6
Tottenham,Lucas Bergvall,se SWE,MF,18,27,11,"1,212",13.5,0,1,1,0,0,0,3,0,0.7
Tottenham,Mathys Tel,fr FRA,FW,19,13,11,911,10.1,2,1,3,1,1,1,2,0,3.0
Tottenham,Wilson Odobert,fr FRA,"FW,MF",19,16,9,850,9.4,1,0,1,1,0,0,0,0,1.6
Tottenham,Kevin Danso,at AUT,DF,25,10,9,842,9.4,0,0,0,0,0,0,0,0,0.4
Tottenham,Fraser Forster,eng ENG,GK,36,7,7,630,7.0,0,0,0,0,0,0,0,0,0.0
Tottenham,Antonín Kinský,cz CZE,GK,21,6,6,540,6.0,0,0,0,0,0,0,0,0,0.0
Tottenham,Timo Werner,de GER,"FW,MF",28,18,4,516,5.7,0,3,3,0,0,0,0,0,1.0
Tottenham,Richarlison,br BRA,FW,27,15,4,504,5.6,4,1,5,4,0,0,2,0,3.7
Tottenham,Mikey Moore,eng ENG,FW,16,10,3,366,4.1,0,1,1,0,0,0,0,0,0.2
Tottenham,Sergio Reguilón,es ESP,DF,27,4,1,196,2.2,0,0,0,0,0,0,2,0,0.1
Tottenham,Brandon Austin,eng ENG,GK,25,1,1,90,1.0,0,0,0,0,0,0,0,0,0.0
Tottenham,Dane Scarlett,eng ENG,"FW,MF",20,3,0,34,0.4,0,1,1,0,0,0,0,0,0.0
Tottenham,Alfie Dorrington,eng ENG,DF,19,1,0,14,0.2,0,0,0,0,0,0,0,0,0.0
Tottenham,,,,,,,,,,,,,,,,,
Tottenham,Player,,,,,,,,,,,,,,,,
Tottenham,Will Lankshear,eng ENG,"FW,MF",19,3,0,11,0.1,0,0,0,0,0,0,0,0,0.0
Tottenham,Oyindamola Ajayi,eng ENG,MF,18,0,0,,,,,,,,,,,
Tottenham,Dante Cassanova,jm JAM,DF,20,0,0,,,,,,,,,,,
Tottenham,Alfie Devine,eng ENG,MF,19,0,0,,,,,,,,,,,
Tottenham,Malachi Hardy,eng ENG,DF,16,0,0,,,,,,,,,,,
Tottenham,Maeson King,eng ENG,DF,18,0,0,,,,,,,,,,,
Tottenham,Yang Minhyeok,kr KOR,MF,18,0,0,,,,,,,,,,,
Tottenham,Callum Olusesi,eng ENG,MF,17,0,0,,,,,,,,,,,
Tottenham,Alfie Whiteman,eng ENG,GK,25,0,0,,,,,,,,,,,
Tottenham,Luca Williams Barnett,eng ENG,FW,15,0,0,,,,,,,,,,,
Leicester City,Jamie Vardy,eng ENG,FW,37,35,35,"2,823",31.4,9,4,13,8,1,2,5,0,11.2
Leicester City,James Justin,eng ENG,DF,26,36,34,"2,912",32.4,2,2,4,2,0,0,6,0,1.5
Leicester City,Wout Faes,be BEL,DF,26,34,30,"2,815",31.3,1,0,1,1,0,0,4,0,1.5
Leicester City,Victor Bernth Kristiansen,dk DEN,DF,21,30,29,"2,482",27.6,0,1,1,0,0,0,1,0,0.3
Leicester City,Wilfred Ndidi,ng NGA,MF,27,28,28,"2,324",25.8,0,5,5,0,0,0,8,0,2.0
Leicester City,Mads Hermansen,dk DEN,GK,24,27,27,"2,385",26.5,0,0,0,0,0,0,1,0,0.0
Leicester City,Bilal El Khannouss,ma MAR,"MF,FW",20,32,27,"2,182",24.2,2,3,5,2,0,0,4,0,1.3
Leicester City,Boubakary Soumaré,fr FRA,MF,25,31,25,"2,171",24.1,0,0,0,0,0,0,8,0,0.3
Leicester City,Conor Coady,eng ENG,DF,31,22,19,"1,714",19.0,1,0,1,1,0,0,3,0,0.4
Leicester City,Jordan Ayew,gh GHA,"FW,MF",32,30,19,"1,638",18.2,5,0,5,4,1,1,5,0,3.2
Leicester City,Harry Winks,eng ENG,MF,28,22,17,"1,538",17.1,0,2,2,0,0,0,4,0,0.2
Leicester City,Stephy Mavididi,eng ENG,FW,26,30,16,"1,615",17.9,4,1,5,4,0,0,2,0,1.8
Leicester City,Jannik Vestergaard,dk DEN,DF,31,18,16,"1,391",15.5,0,0,0,0,0,0,5,0,0.1
Leicester City,Facundo Buonanotte,ar ARG,"FW,MF",19,31,14,"1,523",16.9,5,2,7,5,0,0,8,0,3.9
Leicester City,Luke Thomas,eng ENG,DF,23,14,13,"1,110",12.3,0,0,0,0,0,0,3,0,0.4
Leicester City,,,,,,,,,,,,,,,,,
Leicester City,Player,,,,,,,,,,,,,,,,
Leicester City,Caleb Okoli,it ITA,DF,23,19,12,"1,125",12.5,1,0,1,1,0,0,4,0,0.6
Leicester City,Oliver Skipp,eng ENG,MF,23,24,10,"1,129",12.5,0,0,0,0,0,0,8,0,0.4
Leicester City,Jakub Stolarczyk,pl POL,GK,23,10,10,900,10.0,0,0,0,0,0,0,1,0,0.0
Leicester City,Kasey McAteer,ie IRL,FW,22,18,9,852,9.5,1,1,2,1,0,0,3,0,1.0
Leicester City,Bobby De Cordova-Reid,jm JAM,FW,31,23,9,744,8.3,1,2,3,1,0,0,2,0,0.8
Leicester City,Patson Daka,zm ZAM,"FW,MF",25,23,6,736,8.2,1,0,1,1,0,0,0,0,1.3
Leicester City,Abdul Fatawu Issahaku,gh GHA,FW,20,11,6,579,6.4,0,2,2,0,0,0,0,0,0.4
Leicester City,Ricardo Pereira,pt POR,DF,30,10,4,388,4.3,0,0,0,0,0,0,1,0,0.1
Leicester City,Danny Ward,wls WAL,GK,31,2,1,135,1.5,0,0,0,0,0,0,0,0,0.0
Leicester City,Hamza Choudhury,bd BAN,"MF,DF",26,4,1,131,1.5,0,0,0,0,0,0,0,0,0.0
Leicester City,Woyo Coulibaly,ml MLI,DF,25,4,1,109,1.2,0,0,0,0,0,0,1,0,0.0
Leicester City,Jeremy Monga,,"FW,MF",15,7,0,112,1.2,0,0,0,0,0,0,0,0,0.2
Leicester City,Odsonne Édouard,fr FRA,FW,26,4,0,29,0.3,0,0,0,0,0,0,0,0,0.0
Leicester City,Jake Evans,,FW,,4,0,24,0.3,0,0,0,0,0,0,0,0,0.0
Leicester City,Olabade Aluko,,DF,,1,0,2,0.0,0,0,0,0,0,0,0,0,0.0
Leicester City,,,,,,,,,,,,,,,,,
Leicester City,Player,,,,,,,,,,,,,,,,
Leicester City,Will Alves,eng ENG,FW,19,1,0,1,0.0,0,0,0,0,0,0,0,0,0.0
Leicester City,Michael Golding,eng ENG,MF,18,1,0,1,0.0,0,0,0,0,0,0,0,0,0.0
Leicester City,Sammy Braybrooke,eng ENG,MF,20,0,0,,,,,,,,,,,
Leicester City,Thomas Cannon,ie IRL,FW,21,0,0,,,,,,,,,,,
Leicester City,Henry Cartwright,eng ENG,MF,19,0,0,,,,,,,,,,,
Leicester City,Daniel Iversen,dk DEN,GK,27,0,0,,,,,,,,,,,
Leicester City,Benjamin Nelson,eng ENG,DF,20,0,0,,,,,,,,,,,
Leicester City,Thomas Wilson-Brown,eng ENG,DF,19,0,0,,,,,,,,,,,
Ipswich Town,Dara O'Shea,ie IRL,DF,25,35,35,"3,122",34.7,0,2,2,0,0,0,6,0,1.3
Ipswich Town,Leif Davis,eng ENG,DF,24,33,32,"2,743",30.5,1,2,3,1,0,0,5,1,1.0
Ipswich Town,Liam Delap,eng ENG,FW,21,37,32,"2,593",28.8,12,2,14,10,2,2,12,0,9.3
Ipswich Town,Sam Morsy,eg EGY,MF,32,33,31,"2,751",30.6,1,1,2,1,0,0,10,0,0.4
Ipswich Town,Omari Hutchinson,eng ENG,"MF,FW",20,31,30,"2,583",28.7,3,2,5,3,0,0,5,0,2.9
Ipswich Town,Jacob Greaves,eng ENG,DF,23,25,25,"2,205",24.5,1,0,1,1,0,0,5,0,1.3
Ipswich Town,Jens Cajuste,se SWE,MF,24,30,25,"1,959",21.8,1,1,2,1,0,0,2,0,0.7
Ipswich Town,Axel Tuanzebe,cd COD,DF,26,22,20,"1,710",19.0,0,1,1,0,0,0,5,1,0.2
Ipswich Town,Arijanet Muric,xk KVX,GK,25,18,18,"1,620",18.0,0,0,0,0,0,0,1,0,0.0
Ipswich Town,Cameron Burgess,au AUS,DF,28,18,16,"1,541",17.1,0,2,2,0,0,0,0,0,1.1
Ipswich Town,Ben Johnson,eng ENG,"DF,FW",24,23,14,"1,354",15.0,1,2,3,1,0,0,5,1,1.1
Ipswich Town,Kalvin Phillips,eng ENG,MF,28,19,14,"1,237",13.7,0,0,0,0,0,0,6,1,0.4
Ipswich Town,Alex Palmer,eng ENG,GK,27,13,13,"1,170",13.0,0,0,0,0,0,0,2,0,0.0
Ipswich Town,Sammie Szmodics,ie IRL,"FW,MF",28,20,13,992,11.0,4,0,4,4,0,0,2,0,3.4
Ipswich Town,Luke Woolfenden,eng ENG,DF,25,15,12,"1,187",13.2,0,0,0,0,0,0,2,0,0.0
Ipswich Town,,,,,,,,,,,,,,,,,
Ipswich Town,Player,,,,,,,,,,,,,,,,
Ipswich Town,Jack Clarke,eng ENG,"FW,MF",23,32,12,"1,181",13.1,0,4,4,0,0,0,2,0,1.2
Ipswich Town,Wes Burns,wls WAL,"FW,DF",29,18,12,926,10.3,0,1,1,0,0,0,1,0,0.5
Ipswich Town,Julio Enciso,py PAR,"MF,FW",20,13,12,869,9.7,2,3,5,2,0,0,3,0,1.7
Ipswich Town,Conor Chaplin,eng ENG,"MF,FW",27,22,10,857,9.5,1,1,2,1,0,0,2,0,1.5
Ipswich Town,Nathan Broadhead,wls WAL,"MF,FW",26,18,7,702,7.8,2,0,2,2,0,0,1,0,1.7
Ipswich Town,Christian Walton,eng ENG,GK,28,7,7,630,7.0,0,0,0,0,0,0,0,0,0.0
Ipswich Town,George Hirst,sct SCO,FW,25,26,5,661,7.3,3,1,4,3,0,0,3,0,2.1
Ipswich Town,Jaden Philogene Bidace,eng ENG,"FW,DF",22,10,5,474,5.3,2,0,2,2,0,0,1,0,2.0
Ipswich Town,Jack Taylor,ie IRL,MF,26,32,4,860,9.6,1,0,1,1,0,0,4,0,0.7
Ipswich Town,Harry Clarke,eng ENG,DF,23,7,4,379,4.2,0,0,0,0,0,0,3,1,0.1
Ipswich Town,Conor Townsend,eng ENG,DF,31,6,3,335,3.7,0,1,1,0,0,0,1,0,0.0
Ipswich Town,Chiedozie Ogbene,ie IRL,FW,27,5,3,238,2.6,0,0,0,0,0,0,0,0,0.0
Ipswich Town,Massimo Luongo,au AUS,MF,31,11,2,201,2.2,0,0,0,0,0,0,0,0,0.0
Ipswich Town,Ben Godfrey,eng ENG,DF,26,3,2,159,1.8,0,0,0,0,0,0,1,0,0.0
Ipswich Town,Ali Al Hamadi,iq IRQ,FW,22,11,0,134,1.5,0,0,0,0,0,0,3,0,0.4
Ipswich Town,Marcus Harness,eng ENG,MF,28,2,0,45,0.5,0,0,0,0,0,0,0,0,0.0
Ipswich Town,George Edmundson,eng ENG,DF,26,1,0,2,0.0,0,0,0,0,0,0,0,0,0.0
Ipswich Town,Somto Boniface,eng ENG,DF,18,0,0,,,,,,,,,,,
Ipswich Town,Cieran Slicker,sct SCO,GK,21,0,0,,,,,,,,,,,
Ipswich Town,Tom Taylor,,MF,,0,0,,,,,,,,,,,
Southampton,Mateus Fernandes,pt POR,MF,20,36,34,"2,909",32.3,2,4,6,2,0,0,8,0,4.0
Southampton,Kyle Walker-Peters,eng ENG,DF,27,33,33,"2,918",32.4,0,2,2,0,0,0,5,0,0.8
Southampton,Taylor Harwood-Bellis,eng ENG,DF,22,34,32,"2,825",31.4,1,0,1,1,0,0,9,0,1.8
Southampton,Aaron Ramsdale,eng ENG,GK,26,30,30,"2,700",30.0,0,0,0,0,0,0,2,0,0.0
Southampton,Jan Bednarek,pl POL,DF,28,30,30,"2,531",28.1,2,0,2,2,0,0,7,0,0.7
Southampton,Flynn Downes,eng ENG,MF,25,27,25,"2,151",23.9,1,0,1,1,0,0,12,0,0.6
Southampton,Joe Aribo,ng NGA,"MF,DF",28,32,21,"2,013",22.4,3,0,3,3,0,0,1,0,2.7
Southampton,Tyler Dibling,eng ENG,"FW,MF",18,33,20,"1,874",20.8,2,0,2,2,0,0,6,0,2.5
Southampton,Lesley Ugochukwu,fr FRA,MF,20,26,18,"1,655",18.4,1,1,2,1,0,0,7,0,0.9
Southampton,Ryan Manning,ie IRL,"DF,MF",28,24,18,"1,462",16.2,0,1,1,0,0,0,2,0,0.3
Southampton,Kamaldeen Sulemana,gh GHA,"FW,MF",22,26,17,"1,402",15.6,1,1,2,1,0,0,2,0,1.5
Southampton,Jack Stephens,eng ENG,DF,30,19,17,"1,389",15.4,1,0,1,1,0,0,2,2,0.6
Southampton,Yukinari Sugawara,jp JPN,"DF,MF",24,30,16,"1,557",17.3,1,1,2,1,0,0,4,0,0.5
Southampton,Adam Armstrong,eng ENG,"FW,MF",27,20,15,"1,248",13.9,2,2,4,2,0,1,4,0,3.3
Southampton,Cameron Archer,eng ENG,FW,23,35,13,"1,441",16.0,2,0,2,2,0,1,0,0,5.7
Southampton,,,,,,,,,,,,,,,,,
Southampton,Player,,,,,,,,,,,,,,,,
Southampton,James Bree,eng ENG,DF,26,17,13,"1,075",11.9,0,1,1,0,0,0,0,0,0.1
Southampton,Paul Onuachu,ng NGA,FW,30,25,11,"1,050",11.7,4,1,5,4,0,0,4,0,3.6
Southampton,Nathan Wood-Gordon,eng ENG,DF,22,11,9,773,8.6,0,0,0,0,0,0,2,0,0.2
Southampton,William Smallbone,ie IRL,MF,24,18,6,690,7.7,1,0,1,1,0,0,1,0,0.6
Southampton,Welington,br BRA,DF,23,10,6,482,5.4,0,0,0,0,0,0,1,0,0.0
Southampton,Alex McCarthy,eng ENG,GK,34,5,5,450,5.0,0,0,0,0,0,0,0,0,0.0
Southampton,Adam Lallana,eng ENG,MF,36,14,5,361,4.0,0,2,2,0,0,0,4,0,0.2
Southampton,Ben Brereton,cl CHI,FW,25,10,4,449,5.0,0,0,0,0,0,0,1,0,0.9
Southampton,Ross Stewart,sct SCO,FW,28,12,4,389,4.3,1,0,1,1,0,0,1,0,1.1
Southampton,Ryan Fraser,sct SCO,"FW,DF",30,8,4,306,3.4,0,0,0,0,0,0,0,1,0.0
Southampton,Charlie Taylor,eng ENG,DF,30,8,3,356,4.0,0,0,0,0,0,0,1,0,0.0
Southampton,Joe Lumley,eng ENG,GK,29,3,3,270,3.0,0,0,0,0,0,0,0,0,0.0
Southampton,Armel Bella Kotchap,de GER,DF,22,4,2,331,3.7,0,0,0,0,0,0,0,0,0.3
Southampton,Albert Grønbaek,dk DEN,"FW,MF",23,4,2,143,1.6,0,0,0,0,0,0,0,0,0.1
Southampton,Jay Robinson,eng ENG,"MF,FW",17,4,1,137,1.5,0,0,0,0,0,0,0,0,0.0
Southampton,,,,,,,,,,,,,,,,,
Southampton,Player,,,,,,,,,,,,,,,,
Southampton,Maxwel Cornet,ci CIV,FW,27,2,1,72,0.8,0,0,0,0,0,0,1,0,0.2
Southampton,Samuel Edozie,eng ENG,"DF,FW",21,2,0,65,0.7,0,0,0,0,0,0,1,0,0.0
Southampton,Samuel Amo-Ameyaw,eng ENG,"FW,DF",18,2,0,28,0.3,0,0,0,0,0,0,1,0,0.0
Southampton,Joachim Kayi Sanda,fr FRA,DF,17,2,0,14,0.2,0,0,0,0,0,0,0,0,0.0
Southampton,Ronnie Edwards,eng ENG,DF,21,1,0,12,0.1,0,0,0,0,0,0,0,0,0.0
Southampton,Carlos Alcaraz,ar ARG,MF,21,1,0,10,0.1,0,0,0,0,0,0,0,0,0.1
Southampton,Jayden Moore,,DF,,0,0,,,,,,,,,,,
Southampton,Joe O'Brien-Whitmarsh,ie IRL,MF,19,0,0,,,,,,,,,,,
